{"cameraMode":{"drawMode":0,"name":"Shaded","section":"Shading Mode"},"sceneLighting":true,"audioPlay":false,"sceneViewState":{"showFog":true,"showMaterialUpdate":false,"showSkybox":true,"showFlares":true,"showImageEffects":true,"showParticleSystems":true},"in2DMode":false,"pivot":{"x":10.818291664123536,"y":-1.125467300415039,"z":-9.86335563659668},"rotation":{"x":-0.11917892843484879,"y":-0.6850895881652832,"z":0.11562470346689224,"w":-0.7093935608863831},"size":5.164870262145996,"orthographic":false}