{"cameraMode":{"drawMode":0,"name":"Shaded","section":"Shading Mode"},"sceneLighting":true,"audioPlay":false,"sceneViewState":{"showFog":true,"showMaterialUpdate":false,"showSkybox":true,"showFlares":true,"showImageEffects":true,"showParticleSystems":true},"in2DMode":false,"pivot":{"x":4.239999771118164,"y":2.0,"z":3.86899995803833},"rotation":{"x":0.23501548171043397,"y":-0.0297757126390934,"z":0.006869450677186251,"w":0.9716318845748901},"size":1.9938777685165406,"orthographic":false}