{"cameraMode":{"drawMode":0,"name":"Shaded","section":"Shading Mode"},"sceneLighting":true,"audioPlay":false,"sceneViewState":{"showFog":true,"showMaterialUpdate":false,"showSkybox":true,"showFlares":true,"showImageEffects":true,"showParticleSystems":true},"in2DMode":false,"pivot":{"x":0.004646509885787964,"y":1.732327938079834,"z":-3.475661277770996},"rotation":{"x":-0.07243355363607407,"y":0.8981097936630249,"z":-0.16083429753780366,"w":-0.4029989540576935},"size":0.767095685005188,"orthographic":false}