{"cameraMode":{"drawMode":0,"name":"Shaded","section":"Shading Mode"},"sceneLighting":true,"audioPlay":false,"sceneViewState":{"showFog":true,"showMaterialUpdate":false,"showSkybox":true,"showFlares":true,"showImageEffects":true,"showParticleSystems":true},"in2DMode":false,"pivot":{"x":0.01296687126159668,"y":0.6787261962890625,"z":-0.31635069847106936},"rotation":{"x":-0.15322574973106385,"y":0.4007083475589752,"z":-0.0677371397614479,"w":-0.9008558988571167},"size":1.6940865516662598,"orthographic":false}